UniproId	MSA_mean	MSA_mean_wo_gaps	motifMean	motifScore	motifPercent%	motifPercent_wogaps%	motifPercent_wogaps2%
P02786	0.7189710042432814	0.6916661202544094	0.9356435643564356	[0.9405940594059404, 0.9207920792079208, 0.9405940594059404, 0.9405940594059404]	26.004464285714285	19.072847682119207	16.071428571428573
Q16280	0.803273049598476	0.7072525019885318	0.700381679389313	[0.4503816793893129, 0.7633587786259542, 0.8091603053435115, 0.7786259541984732]	77.90294627383015	64.5412130637636	35.961871750433275
Q9NW15	0.7547421347220629	0.5081204841157623	0.3484251968503937	[0.5, 0.2480314960629921, 0.3622047244094488, 0.2834645669291338]	90.67850348763476	78.08896210873147	30.0570703868104
