UniproId	MSA_mean	MSA_mean_wo_gaps	motifMean	motifScore	motifPercent%	motifPercent_wogaps%	motifPercent_wogaps2%
P02786	0.7394743359544301	0.6780131277799369	0.9516129032258065	[0.9596774193548387, 0.935483870967742, 0.9516129032258064, 0.9596774193548387]	29.270633397312864	15.39491298527443	11.036468330134356
Q9NW15	0.8106788873156268	0.511655850627921	0.3104304635761589	[0.4536423841059602, 0.2086092715231788, 0.3344370860927152, 0.24503311258278146]	95.25407478427613	85.61872909698997	24.544582933844676
Q16280	0.8295053372363276	0.7309417938549052	0.7101910828025477	[0.3949044585987261, 0.7961783439490446, 0.8280254777070064, 0.821656050955414]	80.62636562272397	65.56603773584906	30.3714493809177
