UniproId	MSA_mean	MSA_mean_wo_gaps	motifMean	motifScore	motifPercent%	motifPercent_wogaps%	motifPercent_wogaps2%
Q9BX84	0.8085119057074325	0.7675693696466124	0.865979381443299	[0.9587628865979382, 0.9278350515463918, 0.8865979381443299, 0.6907216494845361]	53.813559322033896	43.18407960199005	33.43605546995377
Q14571	0.8921332723417208	0.8362972282199064	0.8854961832061069	[0.9618320610687024, 0.7633587786259542, 0.916030534351145, 0.900763358778626]	73.37937179772777	57.27542687453601	34.37291156159501
Q9NTJ5	0.8496383792419034	0.5417380857028434	0.4840308370044053	[0.4317180616740088, 0.3392070484581498, 0.7444933920704846, 0.420704845814978]	85.58241758241758	48.0	11.604395604395606
Q14643	0.8909932550326833	0.7393996247654784	0.7197368421052632	[0.6157894736842106, 0.5894736842105263, 0.8368421052631579, 0.8368421052631579]	84.67342899554676	59.09943714821764	19.482929242949034
Q9P0I2	0.8488456891878132	0.5860484258179574	0.4713114754098361	[0.5245901639344263, 0.3700234192037471, 0.550351288056206, 0.4402810304449649]	87.42655699177439	60.66945606694561	17.038777908343125
Q96LA5	0.7996420047732696	0.7190452755905511	0.6125	[0.65, 0.575, 0.575, 0.65]	81.86157517899761	70.2755905511811	42.60143198090692
Q8IWU4	0.800369494531481	0.5334324684647729	0.3743718592964824	[0.542713567839196, 0.36180904522613067, 0.3819095477386935, 0.21105527638190955]	92.05882352941175	76.53061224489795	22.058823529411764
O95342	0.8232716060882688	0.5184372755127472	0.4476495726495726	[0.4636752136752137, 0.2905982905982906, 0.3760683760683761, 0.6602564102564102]	85.10535238556551	52.14408233276158	14.725115039961251
